word,count,type,oxford
fuck,407,noun,other
okay,121,adj,other
shit,117,noun,other
soprano,75,noun,other
ass,44,noun,other
meadow,37,noun,other
mom,29,noun,other
prick,24,verb,other
psychiatrist,24,noun,other
feeling,22,adj,other
duck,21,verb,other
running,16,noun,other
dick,15,noun,other
arthur,15,noun,other
hare,13,noun,other
seem,13,verb,other
whack,13,verb,other
motel,13,noun,other
men,12,noun,other
nephew,12,noun,other
grandma,12,noun,other
dye,12,verb,other
piss,12,noun,other
honey,12,noun,other
bust,11,verb,other
avenue,9,noun,other
lye,9,noun,other
sausage,9,noun,other
neighborhood,9,noun,other
hunter,9,noun,other
daddy,8,noun,other
pork,8,noun,other
bigger,8,adj,other
godfather,8,noun,other
doughnut,8,noun,other
fidget,8,verb,other
jack,8,noun,other
center,7,verb,other
someplace,7,noun,other
favor,7,verb,other
neighbor,6,noun,other
wiseguy,6,noun,other
card,6,noun,other
garbage,6,noun,other
damn,6,noun,other
med,6,noun,other
favorite,6,adj,other
grandson,6,noun,other
rack,6,verb,other
babe,5,noun,other
degenerate,5,verb,other
grove,5,noun,other
ground,5,verb,other
clone,5,verb,other
mobster,5,noun,other
coke,5,noun,other
salute,5,verb,other
hustle,5,verb,other
rap,5,noun,other
crap,5,noun,other
biggest,5,adj,other
bribe,5,verb,other
jealous,5,adj,other
mama,5,noun,other
shove,4,verb,other
babble,4,verb,other
offense,4,noun,other
sweat,4,verb,other
cappuccino,4,noun,other
trash,4,noun,other
bathtub,4,noun,other
collar,4,noun,other
freak,4,noun,other
stubborn,4,adj,other
scam,4,noun,other
indict,4,verb,other
god,4,noun,other
rave,4,verb,other
behavior,4,noun,other
cutting,4,adj,other
compliment,4,verb,other
chorus,4,noun,other
gravy,4,noun,other
bull,4,noun,other
jerk,4,verb,other
meeting,4,noun,other
champagne,4,noun,other
slit,4,verb,other
beginning,4,adj,other
supper,3,noun,other
insane,3,adj,other
sushi,3,noun,other
spit,3,verb,other
rib,3,verb,other
doorbell,3,noun,other
brandy,3,noun,other
lobster,3,noun,other
pastry,3,noun,other
pinch,3,verb,other
setting,3,noun,other
frank,3,adj,other
fir,3,noun,other
hijack,3,verb,other
penis,3,noun,other
macaroon,3,noun,other
ignorant,3,adj,other
guinea,3,noun,other
cripple,3,verb,other
polish,3,verb,other
gum,3,noun,other
patio,3,noun,other
newsstand,3,noun,other
ham,3,noun,other
toast,3,verb,other
barber,3,noun,other
amusement,3,noun,other
veal,3,noun,other
planning,3,noun,other
punishable,3,adj,other
pizza,3,noun,other
handsome,3,adj,other
brunch,3,noun,other
resent,3,verb,other
barn,3,noun,other
wound,3,verb,other
haul,3,verb,other
communion,3,noun,other
doom,3,verb,other
percent,3,noun,other
jewelry,3,noun,other
jolt,3,verb,other
cock,2,verb,other
rash,2,adj,other
killer,2,noun,other
olive,2,noun,other
brew,2,verb,other
ale,2,noun,other
wedding,2,noun,other
slipper,2,noun,other
hop,2,verb,other
doc,2,noun,other
dysfunction,2,noun,other
rag,2,noun,other
doggie,2,noun,other
pie,2,noun,other
mushroom,2,noun,other
reparation,2,noun,other
makeup,2,noun,other
meatball,2,noun,other
popping,2,adj,other
whale,2,noun,other
bungalow,2,noun,other
corn,2,noun,other
recorder,2,noun,other
lover,2,noun,other
heady,2,adj,other
smother,2,verb,other
gray,2,adj,other
bathrobe,2,noun,other
sap,2,verb,other
neurological,2,adj,other
stove,2,noun,other
gossip,2,verb,other
sneak,2,verb,other
hospitalize,2,verb,other
understood,2,adj,other
sub,2,noun,other
theater,2,noun,other
laundry,2,noun,other
mule,2,noun,other
steak,2,noun,other
accord,2,verb,other
cough,2,verb,other
moron,2,noun,other
eggplant,2,noun,other
parole,2,noun,other
drawer,2,noun,other
homicide,2,noun,other
barbecue,2,verb,other
scrap,2,verb,other
zebra,2,noun,other
pea,2,noun,other
dial,2,verb,other
starter,2,noun,other
artichoke,2,noun,other
pathetic,2,adj,other
exhaust,2,verb,other
tub,2,noun,other
straw,2,noun,other
wreck,2,verb,other
skinny,2,adj,other
refresh,2,verb,other
beep,2,verb,other
mozzarella,2,noun,other
dime,2,noun,other
envy,2,verb,other
labor,2,verb,other
couch,2,verb,other
candy,2,noun,other
whistle,2,verb,other
moody,2,adj,other
booty,2,noun,other
smith,2,noun,other
ungrateful,2,adj,other
canoe,2,noun,other
lightning,2,noun,other
rainy,2,adj,other
dim,2,verb,other
lieutenant,2,noun,other
buzz,2,verb,other
liquor,2,noun,other
statute,2,noun,other
hamburger,2,noun,other
granddaughter,2,noun,other
thunder,2,verb,other
mock,2,verb,other
smack,2,verb,other
decency,2,noun,other
flush,2,verb,other
grease,2,verb,other
slender,2,adj,other
vomit,2,verb,other
ranger,2,noun,other
wren,2,noun,other
moan,2,verb,other
salami,2,noun,other
robe,2,noun,other
underneath,2,noun,other
jar,2,verb,other
lounge,2,verb,other
lobotomy,2,noun,other
semester,2,noun,other
younger,2,adj,other
dread,2,verb,other
cowboy,2,noun,other
crib,2,noun,other
counselor,2,noun,other
unstable,2,adj,other
trunk,2,noun,other
patty,2,noun,other
driveway,2,noun,other
madam,1,noun,other
deepen,1,verb,other
nylon,1,noun,other
jeopardize,1,verb,other
forsake,1,verb,other
sideburns,1,noun,other
dupe,1,verb,other
pave,1,verb,other
stressful,1,adj,other
moldy,1,adj,other
padded,1,adj,other
basil,1,noun,other
ounce,1,noun,other
downward,1,adj,other
squirrel,1,noun,other
enjoyment,1,noun,other
questionable,1,adj,other
insignificant,1,adj,other
nasal,1,adj,other
maid,1,noun,other
savor,1,verb,other
oversight,1,noun,other
peninsula,1,noun,other
disgust,1,verb,other
filth,1,noun,other
grumpy,1,adj,other
vanilla,1,noun,other
fitting,1,adj,other
poach,1,verb,other
sober,1,adj,other
manatee,1,noun,other
gabby,1,adj,other
humor,1,noun,other
dribble,1,verb,other
defense,1,noun,other
greedy,1,adj,other
crumb,1,noun,other
pine,1,verb,other
loft,1,noun,other
brake,1,verb,other
agitate,1,verb,other
bakery,1,noun,other
wrinkle,1,verb,other
squirt,1,verb,other
sectional,1,noun,other
legalize,1,verb,other
squid,1,noun,other
wiggle,1,verb,other
hotheaded,1,adj,other
marble,1,noun,other
solicitation,1,noun,other
grill,1,verb,other
older,1,adj,other
dine,1,verb,other
kumquat,1,noun,other
gutsy,1,adj,other
pelican,1,noun,other
codify,1,verb,other
repute,1,verb,other
crumble,1,verb,other
larger,1,adj,other
trout,1,noun,other
syndicate,1,noun,other
aggregate,1,verb,other
unprofessional,1,adj,other
fort,1,noun,other
comprehend,1,verb,other
honor,1,verb,other
dodge,1,verb,other
cholesterol,1,noun,other
lick,1,verb,other
unreasonable,1,adj,other
lettuce,1,noun,other
vogue,1,noun,other
affront,1,verb,other
subvert,1,verb,other
meter,1,noun,other
bankroll,1,verb,other
fiscal,1,adj,other
rattle,1,verb,other
loot,1,verb,other
faulty,1,adj,other
bladder,1,noun,other
naive,1,adj,other
understate,1,verb,other
avert,1,verb,other
pear,1,noun,other
traumatic,1,adj,other
behold,1,verb,other
belittle,1,verb,other
wither,1,verb,other
erection,1,noun,other
crave,1,verb,other
flip,1,verb,other
pistol,1,noun,other
twine,1,noun,other
disfigure,1,verb,other
messenger,1,noun,other
mandolin,1,noun,other
pod,1,noun,other
downturn,1,noun,other
reap,1,verb,other
quench,1,verb,other
stride,1,verb,other
particle,1,noun,other
grope,1,verb,other
raccoon,1,noun,other
cleanse,1,verb,other
sarcastic,1,adj,other
dash,1,verb,other
banker,1,noun,other
almond,1,noun,other
hardworking,1,adj,other
cookie,1,noun,other
petite,1,adj,other
destiny,1,noun,other
spank,1,noun,other
chatty,1,adj,other
crisp,1,adj,other
misunderstand,1,noun,other
yak,1,verb,other
wiretap,1,noun,other
lousy,1,adj,other
transplant,1,verb,other
beak,1,noun,other
limo,1,noun,other
platter,1,noun,other
unsolved,1,adj,other
mighty,1,adj,other
manor,1,noun,other
miscellaneous,1,adj,other
squeak,1,verb,other
peanut,1,noun,other
compulsive,1,adj,other
spastic,1,adj,other
alley,1,noun,other
static,1,adj,other
pat,1,verb,other
reputable,1,adj,other
insomnia,1,noun,other
graduation,1,noun,other
ballpark,1,noun,other
inheritance,1,noun,other
uncooked,1,adj,other
blacken,1,verb,other
slay,1,verb,other
tuna,1,noun,other
mingle,1,verb,other
exhaustion,1,noun,other
flavor,1,verb,other
colloquy,1,noun,other
jockey,1,noun,other
berry,1,noun,other
degrade,1,verb,other
stammer,1,verb,other
absolve,1,verb,other
arrogant,1,adj,other
wardrobe,1,noun,other
slug,1,verb,other
dresser,1,noun,other
sparkle,1,verb,other
dock,1,verb,other
grub,1,noun,other
vise,1,noun,other
disrespectful,1,adj,other
grate,1,verb,other
foreseeable,1,adj,other
razor,1,noun,other
con,1,verb,other
fingernail,1,noun,other
formidable,1,adj,other
inventory,1,verb,other
bureau,1,noun,other
swoop,1,verb,other
crust,1,noun,other
cashier,1,noun,other
discredit,1,verb,other
camper,1,noun,other
shakedown,1,noun,other
airplane,1,noun,other
thorn,1,noun,other
muscular,1,adj,other
hatchet,1,noun,other
feed,1,verb,other
mystical,1,adj,other
spaghetti,1,noun,other
reproach,1,verb,other
darn,1,noun,other
unjust,1,adj,other
doll,1,noun,other
rusty,1,adj,other
whirlpool,1,noun,other
rumor,1,noun,other
stitch,1,verb,other
awake,1,verb,other
puddle,1,noun,other
stool,1,noun,other
cuisine,1,noun,other
alteration,1,noun,other
interject,1,verb,other
mute,1,verb,other
taboo,1,adj,other
dreamy,1,adj,other
mind,1,verb,other
relocate,1,verb,other
wannabe,1,noun,other
detector,1,noun,other
whiskey,1,noun,other
donkey,1,noun,other
prod,1,verb,other
plumber,1,noun,other
vase,1,noun,other
soda,1,noun,other
coral,1,noun,other
teammate,1,noun,other
renounce,1,verb,other
faint,1,verb,other
shanty,1,noun,other
foam,1,noun,other
feast,1,noun,other
satin,1,adj,other
jogging,1,noun,other
sponge,1,noun,other
pitiful,1,adj,other
sorrow,1,noun,other
nonstop,1,adj,other
appliance,1,noun,other
gram,1,noun,other
reschedule,1,verb,other
fanny,1,noun,other
cherry,1,noun,other
abduct,1,verb,other
daylight,1,noun,other
handicap,1,verb,other
credenza,1,noun,other
acquaintance,1,noun,other
nauseous,1,adj,other
rein,1,verb,other
oldest,1,adj,other
mattress,1,noun,other
conscientious,1,adj,other
sew,1,verb,other
repay,1,verb,other
dude,1,noun,other
mumble,1,verb,other
humming,1,adj,other
mutt,1,noun,other
spatial,1,adj,other
alienate,1,verb,other
blister,1,verb,other
backwash,1,verb,other
habitual,1,adj,other
mileage,1,noun,other
whooping,1,adj,other
cropped,1,adj,other
quart,1,noun,other
buffalo,1,noun,other
freckle,1,noun,other
pickup,1,noun,other
lyrics,1,noun,other
clay,1,noun,other
dice,1,verb,other
misfit,1,noun,other
hydrant,1,noun,other
wag,1,verb,other
lookout,1,noun,other
walnut,1,noun,other
nonverbal,1,adj,other
housework,1,noun,other
microwave,1,noun,other
bloody,1,verb,other
odyssey,1,noun,other
spike,1,verb,other
righteous,1,adj,other
joey,1,noun,other
perfection,1,noun,other
handcuff,1,verb,other
confidentiality,1,noun,other
chewy,1,adj,other
bark,1,verb,other
freezer,1,noun,other
patronize,1,verb,other
wood,1,adj,other
thermometer,1,noun,other
rose,1,noun,other
introspective,1,adj,other
erode,1,verb,other
cranky,1,adj,other
chill,1,verb,other
hostess,1,noun,other
flatter,1,verb,other
giggle,1,verb,other
paperwork,1,noun,other
perpetuate,1,verb,other
senate,1,noun,other
shin,1,noun,other
tempo,1,noun,other
graft,1,verb,other
caribou,1,noun,other
mister,1,noun,other
ukulele,1,noun,other
lighten,1,verb,other
bound,1,verb,other
curse,1,verb,other
caffeine,1,noun,other
wafer,1,noun,other
casket,1,noun,other
ruthless,1,adj,other
tick,1,verb,other
battleship,1,noun,other
stag,1,noun,other
taint,1,verb,other
pearl,1,noun,other
havoc,1,noun,other
reconsider,1,verb,other
unhealthy,1,adj,other
intrude,1,verb,other
blossom,1,verb,other
nun,1,noun,other
dizzy,1,adj,other
wrapper,1,noun,other
lasagna,1,noun,other
tray,1,noun,other
gerbil,1,noun,other
youngest,1,adj,other
condone,1,verb,other
jewel,1,noun,other
laborer,1,noun,other
cooperation,1,noun,other
launder,1,verb,other
cart,1,verb,other
outrageous,1,adj,other
nickname,1,verb,other
sunlight,1,noun,other
sow,1,verb,other
altar,1,noun,other
spurt,1,verb,other
duckling,1,noun,other
lily,1,noun,other
hornet,1,noun,other
earring,1,noun,other
ail,1,verb,other
scrip,1,noun,other
vinegar,1,noun,other
millimeter,1,noun,other
astronomy,1,noun,other
discontinue,1,verb,other
thrust,1,verb,other
pastoral,1,adj,other
flirt,1,verb,other
vibrate,1,verb,other
hammer,1,verb,other
antique,1,noun,other
massage,1,verb,other
arithmetic,1,noun,other
dimple,1,noun,other
lame,1,adj,other
connotation,1,noun,other
board,1,verb,other
caliber,1,noun,other
unannounced,1,adj,other
libido,1,noun,other
stunt,1,verb,other
rust,1,verb,other
longest,1,adj,other
sunset,1,noun,other
hum,1,verb,other
carrier,1,noun,other
bulb,1,noun,other
refrigerator,1,noun,other
thigh,1,noun,other
harden,1,verb,other
renovate,1,verb,other
infusion,1,noun,other
bash,1,verb,other
palate,1,noun,other
fighter,1,noun,other
gelding,1,noun,other
stomp,1,verb,other
grim,1,adj,other
maternal,1,adj,other
shoemaker,1,noun,other
maniac,1,noun,other
creak,1,verb,other
mat,1,noun,other
sunny,1,adj,other
mint,1,verb,other
arch,1,noun,other
folder,1,noun,other
fell,1,verb,other
stain,1,verb,other
peripheral,1,adj,other
deform,1,verb,other
voluptuous,1,adj,other
peep,1,verb,other
closet,1,noun,other
cork,1,noun,other
ranch,1,noun,other
surfboard,1,noun,other
sombrero,1,noun,other
oyster,1,noun,other
tenor,1,noun,other
pillow,1,noun,other
oldie,1,noun,other
wax,1,verb,other
skyscraper,1,noun,other
synergy,1,noun,other
banned,1,adj,other
fireplace,1,noun,other
payoff,1,noun,other
pardon,1,verb,other
sprinkle,1,verb,other
meringue,1,noun,other
sadness,1,noun,other
strangle,1,verb,other
spontaneous,1,adj,other
anarchist,1,noun,other
worsen,1,verb,other
sunshine,1,noun,other
ginger,1,noun,other
disguise,1,verb,other
scenery,1,noun,other
sociology,1,noun,other
revolt,1,verb,other
millennium,1,noun,other
receptive,1,adj,other
keeper,1,noun,other
intimidate,1,verb,other
chilly,1,adj,other
sty,1,noun,other
liar,1,noun,other
intestine,1,noun,other
subconscious,1,adj,other
curl,1,verb,other
upsetting,1,adj,other
itch,1,verb,other
impeach,1,verb,other
brochure,1,noun,other
facial,1,adj,other
buckle,1,verb,other
knight,1,verb,other
snuck,1,noun,other
sneaky,1,adj,other
wick,1,noun,other
sickness,1,noun,other
itchy,1,adj,other
commandment,1,noun,other
digging,1,noun,other
shark,1,noun,other
almighty,1,noun,other
savior,1,noun,other
chick,1,noun,other
kneel,1,verb,other
elevator,1,noun,other
helpless,1,adj,other
tan,1,verb,other
traveler,1,noun,other
geographic,1,adj,other
perp,1,noun,other
thunderstorm,1,noun,other
glue,1,verb,other
unload,1,verb,other
deer,1,noun,other
disregard,1,verb,other
rug,1,noun,other
painless,1,adj,other
expedite,1,verb,other
armor,1,verb,other
flinch,1,verb,other
sucker,1,noun,other
undress,1,verb,other
thirst,1,noun,other
hood,1,noun,other
clam,1,noun,other
shot,1,noun,other
mistaken,1,adj,other
quail,1,noun,other
souvenir,1,noun,other
smaller,1,adj,other
accrue,1,verb,other
pasta,1,noun,other
aluminum,1,noun,other
adjourn,1,verb,other
civilize,1,verb,other
overstate,1,verb,other
rake,1,verb,other
brink,1,noun,other
gown,1,noun,other
forfeit,1,verb,other
ark,1,noun,other
brace,1,verb,other
chuck,1,verb,other
cop,23,noun,c1
shrink,15,verb,c1
ally,15,verb,c1
mob,13,verb,c1
suck,9,verb,c1
saint,7,noun,c1
idiot,6,noun,c1
bless,6,verb,c1
license,5,verb,c1
buck,5,verb,c1
legitimate,4,adj,c1
bail,4,verb,c1
screw,4,verb,c1
intimate,4,adj,c1
steer,4,verb,c1
attorney,4,noun,c1
crystal,4,noun,c1
allege,4,verb,c1
sack,4,verb,c1
gut,4,verb,c1
gamble,4,verb,c1
republic,4,noun,c1
slap,4,verb,c1
seal,3,verb,c1
confront,3,verb,c1
counsel,3,verb,c1
rip,3,verb,c1
consciousness,3,noun,c1
warrant,3,verb,c1
devil,3,noun,c1
toss,3,verb,c1
vice,3,noun,c1
peculiar,3,adj,c1
filter,3,verb,c1
rape,3,noun,c1
oral,3,adj,c1
boom,3,verb,c1
funeral,3,noun,c1
rebel,3,verb,c1
testify,3,verb,c1
yell,3,verb,c1
rage,3,verb,c1
guilt,3,noun,c1
cocktail,3,noun,c1
leak,3,verb,c1
alert,3,verb,c1
sake,3,noun,c1
diagnose,2,verb,c1
manifest,2,verb,c1
rod,2,noun,c1
mandatory,2,adj,c1
violation,2,noun,c1
academy,2,noun,c1
tobacco,2,noun,c1
constitute,2,verb,c1
bleed,2,verb,c1
pit,2,verb,c1
clinical,2,adj,c1
appreciation,2,noun,c1
squeeze,2,verb,c1
abuse,2,verb,c1
cemetery,2,noun,c1
privilege,2,noun,c1
execution,2,noun,c1
prosecution,2,noun,c1
thrill,2,verb,c1
crawl,2,verb,c1
hail,2,verb,c1
sin,2,noun,c1
wit,2,noun,c1
wipe,2,verb,c1
guidance,2,noun,c1
enforcement,2,noun,c1
worthy,2,adj,c1
suicide,2,noun,c1
instinct,2,noun,c1
supreme,2,adj,c1
distinction,2,noun,c1
buddy,2,noun,c1
cynical,2,adj,c1
discrimination,2,noun,c1
intervention,2,noun,c1
delegate,2,verb,c1
stab,2,verb,c1
twist,2,verb,c1
smash,2,verb,c1
insult,2,verb,c1
tremendous,2,adj,c1
portray,2,verb,c1
leap,1,verb,c1
testimony,1,noun,c1
lap,1,verb,c1
attain,1,verb,c1
stem,1,verb,c1
prescribe,1,verb,c1
congratulate,1,verb,c1
displace,1,verb,c1
columnist,1,noun,c1
legacy,1,noun,c1
generic,1,adj,c1
raid,1,verb,c1
cater,1,verb,c1
intensive,1,adj,c1
humble,1,verb,c1
compute,1,verb,c1
mask,1,verb,c1
authentic,1,adj,c1
dignity,1,noun,c1
surrender,1,verb,c1
gross,1,adj,c1
dictate,1,verb,c1
betray,1,verb,c1
await,1,verb,c1
breakthrough,1,noun,c1
missile,1,noun,c1
lawsuit,1,noun,c1
interfere,1,verb,c1
verse,1,noun,c1
tolerate,1,verb,c1
auto,1,noun,c1
hint,1,verb,c1
log,1,verb,c1
advocate,1,verb,c1
occurrence,1,noun,c1
flee,1,verb,c1
processor,1,noun,c1
manipulation,1,noun,c1
conceive,1,verb,c1
consent,1,verb,c1
instrumental,1,adj,c1
ray,1,noun,c1
applaud,1,verb,c1
cognitive,1,adj,c1
logic,1,noun,c1
compensate,1,verb,c1
riot,1,noun,c1
appetite,1,noun,c1
terrific,1,adj,c1
comply,1,verb,c1
assassination,1,noun,c1
suite,1,noun,c1
carve,1,verb,c1
psychiatric,1,adj,c1
nonsense,1,noun,c1
outrage,1,verb,c1
seize,1,verb,c1
commerce,1,noun,c1
horn,1,noun,c1
horizon,1,noun,c1
assault,1,verb,c1
spark,1,verb,c1
tuition,1,noun,c1
manipulate,1,verb,c1
patron,1,noun,c1
ego,1,noun,c1
stir,1,verb,c1
deficit,1,noun,c1
elaborate,1,verb,c1
chaos,1,noun,c1
swing,1,verb,c1
personnel,1,noun,c1
withdrawal,1,noun,c1
probe,1,verb,c1
contractor,1,noun,c1
civilian,1,adj,c1
strip,1,verb,c1
absurd,1,adj,c1
peak,1,verb,c1
sexuality,1,noun,c1
administer,1,verb,c1
deed,1,verb,c1
neglect,1,verb,c1
provision,1,noun,c1
loop,1,verb,c1
compassion,1,noun,c1
engagement,1,noun,c1
haunt,1,verb,c1
lobby,1,verb,c1
vocal,1,adj,c1
communist,1,adj,c1
liberal,1,adj,c1
investigator,1,noun,c1
trail,1,verb,c1
orientation,1,noun,c1
weed,1,noun,c1
devastate,1,verb,c1
minimize,1,verb,c1
diminish,1,verb,c1
conviction,1,noun,c1
surplus,1,noun,c1
humanity,1,noun,c1
decisive,1,adj,c1
reign,1,verb,c1
casino,1,noun,c1
mentor,1,verb,c1
residence,1,noun,c1
skip,1,verb,c1
transmission,1,noun,c1
reflection,1,noun,c1
vein,1,noun,c1
sword,1,noun,c1
discretion,1,noun,c1
buffer,1,verb,c1
accusation,1,noun,c1
lawn,1,noun,c1
deploy,1,verb,c1
stereotype,1,verb,c1
dam,1,noun,c1
snap,1,verb,c1
exaggerate,1,verb,c1
enterprise,1,noun,c1
spy,1,verb,c1
admission,1,noun,c1
alike,1,adj,c1
undermine,1,verb,c1
protective,1,adj,c1
stabilize,1,verb,c1
bonus,1,noun,c1
refuge,1,noun,c1
brutal,1,adj,c1
heritage,1,noun,c1
deem,1,verb,c1
burden,1,verb,c1
limb,1,noun,c1
pump,1,verb,c1
intent,1,noun,c1
verbal,1,adj,c1
residential,1,adj,c1
ratio,1,noun,c1
sue,1,verb,c1
closure,1,noun,c1
hatred,1,noun,c1
vacuum,1,noun,c1
merit,1,verb,c1
liberty,1,noun,c1
toll,1,noun,c1
bow,1,verb,c1
whip,1,verb,c1
sketch,1,verb,c1
eager,1,adj,c1
reverse,1,verb,c1
junior,99,adj,b2
excuse,24,verb,b2
depress,20,verb,b2
therapy,16,noun,b2
cancer,15,noun,b2
blame,14,verb,b2
concern,12,verb,b2
owe,12,verb,b2
wire,11,verb,b2
therapist,11,noun,b2
bet,11,verb,b2
load,9,verb,b2
insurance,9,noun,b2
rat,9,verb,b2
massive,9,adj,b2
trust,9,verb,b2
fault,8,verb,b2
sensitive,8,adj,b2
depression,8,noun,b2
ton,8,noun,b2
gran,8,noun,b2
medication,8,noun,b2
cell,7,noun,b2
grab,7,verb,b2
wrist,7,noun,b2
ruin,7,verb,b2
joint,7,adj,b2
stock,6,verb,b2
genius,6,noun,b2
contract,6,verb,b2
split,6,verb,b2
evil,6,adj,b2
threaten,6,verb,b2
jail,5,verb,b2
deserve,5,verb,b2
rid,5,verb,b2
broad,5,adj,b2
suspend,5,verb,b2
lord,5,noun,b2
tough,5,adj,b2
confess,5,verb,b2
badge,5,noun,b2
confusion,5,noun,b2
federal,5,adj,b2
shore,5,noun,b2
handle,5,verb,b2
hook,5,verb,b2
operator,5,noun,b2
scream,5,verb,b2
crack,5,verb,b2
stroke,4,verb,b2
bug,4,verb,b2
fool,4,verb,b2
attempt,4,verb,b2
complicate,4,verb,b2
associate,4,verb,b2
investigation,4,noun,b2
bunch,4,verb,b2
session,4,noun,b2
resist,4,verb,b2
justice,4,noun,b2
tone,4,verb,b2
disorder,4,verb,b2
panic,4,verb,b2
guarantee,4,verb,b2
swear,4,verb,b2
dump,4,verb,b2
witness,4,verb,b2
retirement,4,noun,b2
spill,4,verb,b2
collapse,4,verb,b2
goodness,4,noun,b2
fantasy,4,noun,b2
brick,4,adj,b2
pill,3,noun,b2
psychologist,3,noun,b2
abandon,3,verb,b2
sweep,3,verb,b2
master,3,verb,b2
foundation,3,noun,b2
gene,3,noun,b2
psychology,3,noun,b2
skull,3,noun,b2
leadership,3,noun,b2
coincidence,3,noun,b2
anxiety,3,noun,b2
bat,3,verb,b2
deny,3,verb,b2
forgive,3,verb,b2
cruise,3,verb,b2
anniversary,3,noun,b2
senior,3,adj,b2
spice,3,verb,b2
rail,3,noun,b2
pride,3,verb,b2
scare,3,verb,b2
satisfaction,3,noun,b2
cheer,3,verb,b2
chase,3,verb,b2
silence,3,verb,b2
shock,3,verb,b2
forbid,3,verb,b2
decent,3,adj,b2
ashamed,3,adj,b2
gesture,3,verb,b2
basement,3,noun,b2
scenario,3,noun,b2
outfit,3,noun,b2
gorgeous,3,adj,b2
bold,3,adj,b2
shadow,3,verb,b2
league,3,noun,b2
inspire,3,verb,b2
loan,3,verb,b2
reward,3,verb,b2
soul,3,noun,b2
hip,3,noun,b2
specialize,2,verb,b2
beyond,2,noun,b2
commission,2,verb,b2
offensive,2,adj,b2
faith,2,noun,b2
reputation,2,noun,b2
ethnic,2,adj,b2
prime,2,verb,b2
internal,2,adj,b2
urgent,2,adj,b2
cue,2,noun,b2
tear,2,verb,b2
assumption,2,noun,b2
mayor,2,noun,b2
agenda,2,noun,b2
ridiculous,2,adj,b2
dramatic,2,adj,b2
evaluation,2,noun,b2
remark,2,verb,b2
surround,2,verb,b2
jet,2,noun,b2
maintain,2,verb,b2
income,2,noun,b2
principle,2,noun,b2
acknowledge,2,verb,b2
appropriate,2,verb,b2
existence,2,noun,b2
tap,2,verb,b2
nightmare,2,noun,b2
debt,2,noun,b2
minor,2,adj,b2
elementary,2,adj,b2
fond,2,adj,b2
reasonable,2,adj,b2
concept,2,noun,b2
perceive,2,verb,b2
principal,2,adj,b2
assume,2,verb,b2
weird,2,adj,b2
urge,2,verb,b2
conflict,2,verb,b2
demand,2,verb,b2
melt,2,verb,b2
transfer,2,verb,b2
struggle,2,verb,b2
investment,2,noun,b2
settle,2,verb,b2
reveal,2,verb,b2
stare,2,verb,b2
operate,2,verb,b2
conspiracy,2,noun,b2
patience,2,noun,b2
threat,2,noun,b2
invade,2,verb,b2
anger,2,verb,b2
psychological,2,adj,b2
committee,2,noun,b2
root,2,verb,b2
cute,2,adj,b2
delay,2,verb,b2
ancestor,2,noun,b2
thumb,2,verb,b2
basket,2,noun,b2
scholarship,2,noun,b2
incident,2,noun,b2
float,2,verb,b2
rob,2,verb,b2
harm,2,verb,b2
distant,2,adj,b2
dealer,2,noun,b2
crash,2,verb,b2
neat,2,adj,b2
lane,2,noun,b2
fellow,2,noun,b2
stretch,2,verb,b2
prior,2,adj,b2
golden,2,adj,b2
rush,2,verb,b2
rank,2,verb,b2
opera,2,noun,b2
auction,2,verb,b2
moral,1,adj,b2
bullet,1,noun,b2
protection,1,noun,b2
crisis,1,noun,b2
wander,1,verb,b2
strict,1,adj,b2
secure,1,verb,b2
protein,1,noun,b2
tragedy,1,noun,b2
surgeon,1,noun,b2
candle,1,noun,b2
welfare,1,noun,b2
stiff,1,adj,b2
rocket,1,verb,b2
bargain,1,verb,b2
zone,1,noun,b2
constant,1,adj,b2
core,1,noun,b2
trial,1,noun,b2
remarkable,1,adj,b2
monument,1,noun,b2
facility,1,noun,b2
boost,1,verb,b2
perspective,1,noun,b2
cure,1,verb,b2
motivate,1,verb,b2
vital,1,adj,b2
vision,1,noun,b2
surgery,1,noun,b2
oppose,1,verb,b2
jury,1,noun,b2
risky,1,adj,b2
negotiate,1,verb,b2
inch,1,verb,b2
nerve,1,noun,b2
tension,1,noun,b2
beg,1,verb,b2
graphic,1,adj,b2
shelter,1,verb,b2
motor,1,adj,b2
discipline,1,verb,b2
capacity,1,noun,b2
suburb,1,noun,b2
disability,1,noun,b2
disable,1,verb,b2
inevitable,1,adj,b2
genuine,1,adj,b2
spite,1,verb,b2
obey,1,verb,b2
defeat,1,verb,b2
possess,1,verb,b2
choir,1,noun,b2
pace,1,verb,b2
council,1,noun,b2
clinic,1,noun,b2
assess,1,verb,b2
chief,1,adj,b2
encounter,1,verb,b2
inner,1,adj,b2
elbow,1,verb,b2
scale,1,verb,b2
initiative,1,noun,b2
deliberate,1,adj,b2
unconscious,1,adj,b2
outstanding,1,adj,b2
consult,1,verb,b2
wrap,1,verb,b2
association,1,noun,b2
super,1,adj,b2
sympathy,1,noun,b2
spectacular,1,adj,b2
metaphor,1,noun,b2
curve,1,verb,b2
impose,1,verb,b2
proof,1,adj,b2
cope,1,verb,b2
tackle,1,verb,b2
command,1,verb,b2
outcome,1,noun,b2
whisper,1,verb,b2
freedom,1,noun,b2
alter,1,verb,b2
era,1,noun,b2
capable,1,adj,b2
disturb,1,verb,b2
legend,1,noun,b2
privacy,1,noun,b2
wise,1,adj,b2
steep,1,adj,b2
slide,1,verb,b2
exposure,1,noun,b2
satisfy,1,verb,b2
initial,1,verb,b2
agency,1,noun,b2
circumstance,1,noun,b2
fraction,1,noun,b2
incorporate,1,verb,b2
sticky,1,adj,b2
steam,1,verb,b2
registration,1,noun,b2
spokesman,1,noun,b2
headquarters,1,noun,b2
miserable,1,adj,b2
treasure,1,verb,b2
devote,1,verb,b2
regard,1,verb,b2
loyal,1,adj,b2
creature,1,noun,b2
chairman,1,noun,b2
mass,1,verb,b2
spare,1,verb,b2
clip,1,verb,b2
breast,1,noun,b2
tank,1,noun,b2
presence,1,noun,b2
starve,1,verb,b2
wind,1,verb,b2
speculation,1,noun,b2
silk,1,noun,b2
commitment,1,noun,b2
swallow,1,verb,b2
convert,1,verb,b2
sympathetic,1,adj,b2
occupy,1,verb,b2
raw,1,adj,b2
cheek,1,noun,b2
impatient,1,adj,b2
canal,1,noun,b2
loose,1,adj,b2
violence,1,noun,b2
monster,1,noun,b2
fake,1,verb,b2
textbook,1,noun,b2
sophisticated,1,adj,b2
alien,1,adj,b2
sum,1,noun,b2
delivery,1,noun,b2
phase,1,verb,b2
unacceptable,1,adj,b2
propose,1,verb,b2
considerable,1,adj,b2
delete,1,verb,b2
executive,1,noun,b2
imply,1,verb,b2
estate,1,noun,b2
recover,1,verb,b2
tissue,1,noun,b2
bid,1,verb,b2
illusion,1,noun,b2
minority,1,noun,b2
strike,1,verb,b2
steel,1,adj,b2
negotiation,1,noun,b2
blind,1,verb,b2
pure,1,adj,b2
puzzle,1,verb,b2
heaven,1,noun,b2
assure,1,verb,b2
slip,1,verb,b2
exclude,1,verb,b2
casual,1,adj,b2
tag,1,verb,b2
commander,1,noun,b2
depth,1,noun,b2
acquire,1,verb,b2
tunnel,1,noun,b2
apology,1,noun,b2
finance,1,verb,b2
register,1,verb,b2
wheat,1,noun,b2
weakness,1,noun,b2
probable,1,adj,b2
kit,1,noun,b2
norm,1,noun,b2
extension,1,adj,b2
district,1,noun,b2
workshop,1,noun,b2
interrupt,1,verb,b2
rubber,1,noun,b2
trace,1,verb,b2
interpretation,1,noun,b2
former,1,adj,b2
cliff,1,noun,b2
division,1,noun,b2
wealth,1,noun,b2
organ,1,noun,b2
controversial,1,adj,b2
visual,1,adj,b2
useless,1,adj,b2
membership,1,noun,b2
plain,1,adj,b2
desire,1,verb,b2
military,1,adj,b2
spiritual,1,adj,b2
shame,1,verb,b2
collector,1,noun,b2
approach,1,verb,b2
heal,1,verb,b2
heel,1,noun,b2
inquiry,1,noun,b2
insist,1,verb,b2
precede,1,verb,b2
cast,1,verb,b2
ladder,1,noun,b2
shade,1,verb,b2
ethical,1,adj,b2
lower,1,verb,b2
mount,1,verb,b2
bitter,1,adj,b2
thorough,1,adj,b2
empire,1,noun,b2
classic,1,adj,b2
intense,1,adj,b2
budget,1,verb,b2
flash,1,verb,b2
tune,1,verb,b2
pension,1,noun,b2
promotion,1,noun,b2
lifetime,1,noun,b2
shoot,25,verb,b1
stuff,23,verb,b1
respect,19,verb,b1
kick,16,verb,b1
sex,15,noun,b1
set,14,verb,b1
admit,13,verb,b1
glad,13,adj,b1
arrest,13,verb,b1
wonder,12,verb,b1
agent,11,noun,b1
till,11,verb,b1
stick,11,verb,b1
waste,10,verb,b1
upset,8,verb,b1
tax,8,verb,b1
union,8,noun,b1
charge,8,verb,b1
management,8,noun,b1
smart,8,adj,b1
issue,8,verb,b1
marriage,8,noun,b1
treat,8,verb,b1
priest,7,noun,b1
warn,7,verb,b1
truth,7,noun,b1
pressure,7,verb,b1
honest,7,adj,b1
value,7,verb,b1
embarrass,7,verb,b1
plus,7,adj,b1
murder,6,verb,b1
emergency,6,adj,b1
captain,6,verb,b1
horrible,6,adj,b1
breath,6,verb,b1
force,6,verb,b1
security,6,noun,b1
proud,6,adj,b1
press,6,verb,b1
mental,6,adj,b1
development,6,noun,b1
bother,6,verb,b1
forever,5,noun,b1
poison,5,verb,b1
due,5,adj,b1
authority,5,noun,b1
property,5,noun,b1
quit,5,verb,b1
channel,5,verb,b1
fancy,5,verb,b1
talent,5,noun,b1
bury,5,verb,b1
lack,4,verb,b1
drum,4,verb,b1
damage,4,verb,b1
pray,4,verb,b1
bell,4,noun,b1
symptom,4,noun,b1
sight,4,verb,b1
confuse,4,verb,b1
silent,4,adj,b1
spot,4,verb,b1
mood,4,noun,b1
pleasure,4,noun,b1
mad,4,adj,b1
duty,4,noun,b1
illegal,4,adj,b1
frighten,4,verb,b1
appointment,4,noun,b1
private,4,adj,b1
represent,4,verb,b1
chapter,4,noun,b1
claim,4,verb,b1
appreciate,4,verb,b1
script,4,noun,b1
kiss,4,verb,b1
mall,4,noun,b1
hire,4,verb,b1
mix,4,verb,b1
generation,4,noun,b1
hurry,3,verb,b1
plenty,3,noun,b1
cap,3,verb,b1
fence,3,verb,b1
sudden,3,adj,b1
stranger,3,noun,b1
advise,3,verb,b1
graduate,3,verb,b1
painful,3,adj,b1
spirit,3,verb,b1
apologize,3,verb,b1
remind,3,verb,b1
responsibility,3,noun,b1
rent,3,verb,b1
toe,3,noun,b1
tight,3,adj,b1
pour,3,verb,b1
flow,3,verb,b1
doubt,3,verb,b1
nail,3,verb,b1
current,3,adj,b1
content,3,verb,b1
shy,3,adj,b1
belief,3,noun,b1
alcohol,3,noun,b1
trick,3,verb,b1
yard,3,noun,b1
standard,3,adj,b1
grade,3,verb,b1
relate,2,verb,b1
worth,2,adj,b1
innocent,2,adj,b1
file,2,verb,b1
occasion,2,verb,b1
folk,2,noun,b1
package,2,verb,b1
solid,2,adj,b1
decorate,2,verb,b1
campus,2,noun,b1
profit,2,verb,b1
dust,2,verb,b1
rope,2,verb,b1
pretend,2,verb,b1
gentle,2,adj,b1
account,2,verb,b1
sand,2,noun,b1
magic,2,adj,b1
identity,2,noun,b1
sink,2,verb,b1
sample,2,verb,b1
western,2,adj,b1
fry,2,verb,b1
consequence,2,noun,b1
survive,2,verb,b1
agreement,2,noun,b1
range,2,verb,b1
contact,2,verb,b1
reality,2,noun,b1
religious,2,adj,b1
punish,2,verb,b1
block,2,verb,b1
bake,2,verb,b1
princess,2,noun,b1
mystery,2,noun,b1
suffer,2,verb,b1
court,2,verb,b1
judge,2,verb,b1
trade,2,verb,b1
weapon,2,noun,b1
require,2,verb,b1
volunteer,2,verb,b1
payment,2,noun,b1
immediate,2,adj,b1
wing,2,noun,b1
peaceful,2,adj,b1
legal,2,adj,b1
hang,2,verb,b1
unable,2,adj,b1
technique,2,noun,b1
religion,2,noun,b1
disappoint,2,verb,b1
cultural,2,adj,b1
intend,2,verb,b1
rough,2,adj,b1
policy,2,noun,b1
scan,2,verb,b1
chemical,2,adj,b1
prayer,2,noun,b1
earthquake,2,noun,b1
iron,2,verb,b1
reaction,2,noun,b1
concentrate,2,verb,b1
victim,2,noun,b1
cheat,2,verb,b1
mud,2,noun,b1
grateful,2,adj,b1
alarm,2,verb,b1
convenient,2,adj,b1
obvious,2,adj,b1
encourage,2,verb,b1
statue,2,noun,b1
pot,2,verb,b1
bomb,2,verb,b1
difficulty,2,noun,b1
confirm,2,verb,b1
candidate,2,noun,b1
lip,2,noun,b1
studio,2,noun,b1
aware,2,adj,b1
responsible,2,adj,b1
poem,1,noun,b1
hunt,1,verb,b1
immigrant,1,noun,b1
politician,1,noun,b1
uncomfortable,1,adj,b1
medium,1,adj,b1
donate,1,verb,b1
tail,1,verb,b1
indicate,1,verb,b1
royal,1,adj,b1
prove,1,verb,b1
annoy,1,verb,b1
ignore,1,verb,b1
freeze,1,verb,b1
historical,1,adj,b1
various,1,adj,b1
entertainment,1,noun,b1
production,1,noun,b1
poverty,1,noun,b1
escape,1,verb,b1
effort,1,noun,b1
flag,1,verb,b1
resource,1,noun,b1
relative,1,adj,b1
safety,1,noun,b1
ghost,1,noun,b1
guilty,1,adj,b1
engage,1,verb,b1
effective,1,adj,b1
challenge,1,verb,b1
net,1,verb,b1
sailor,1,noun,b1
attitude,1,noun,b1
complaint,1,noun,b1
battery,1,noun,b1
powerful,1,adj,b1
odd,1,adj,b1
gentleman,1,noun,b1
excitement,1,noun,b1
admire,1,verb,b1
silly,1,adj,b1
influence,1,verb,b1
weigh,1,verb,b1
fold,1,verb,b1
tape,1,verb,b1
port,1,noun,b1
portrait,1,noun,b1
technical,1,adj,b1
fascinate,1,verb,b1
tiny,1,adj,b1
trend,1,noun,b1
treatment,1,noun,b1
emotion,1,noun,b1
decade,1,noun,b1
throat,1,noun,b1
queue,1,verb,b1
import,1,verb,b1
poetry,1,noun,b1
surface,1,verb,b1
translate,1,verb,b1
bend,1,verb,b1
official,1,adj,b1
luxury,1,noun,b1
soil,1,verb,b1
grain,1,noun,b1
gather,1,verb,b1
investigate,1,verb,b1
reservation,1,noun,b1
quote,1,verb,b1
branch,1,verb,b1
limit,1,verb,b1
childhood,1,noun,b1
unnecessary,1,adj,b1
familiar,1,adj,b1
reference,1,verb,b1
pipe,1,verb,b1
guard,1,verb,b1
deliver,1,verb,b1
leaf,1,noun,b1
chest,1,noun,b1
chain,1,verb,b1
beauty,1,noun,b1
connection,1,noun,b1
intelligence,1,noun,b1
staff,1,verb,b1
unfair,1,adj,b1
commercial,1,adj,b1
practical,1,adj,b1
remote,1,adj,b1
mess,1,verb,b1
explode,1,verb,b1
balance,1,verb,b1
define,1,verb,b1
improvement,1,noun,b1
remain,1,verb,b1
version,1,noun,b1
exchange,1,verb,b1
friendship,1,noun,b1
function,1,verb,b1
supply,1,verb,b1
plot,1,verb,b1
tongue,1,noun,b1
spicy,1,adj,b1
signal,1,verb,b1
performance,1,noun,b1
episode,1,noun,b1
vote,1,verb,b1
frame,1,verb,b1
arrival,1,noun,b1
receipt,1,noun,b1
definition,1,noun,b1
enemy,1,noun,b1
row,1,verb,b1
string,1,verb,b1
violent,1,adj,b1
locate,1,verb,b1
spread,1,verb,b1
attach,1,verb,b1
pleasant,1,adj,b1
youth,1,noun,b1
guy,144,noun,a2
kid,90,verb,a2
thought,67,noun,a2
care,35,verb,a2
kill,34,verb,a2
min,33,noun,a2
worry,33,verb,a2
coach,31,verb,a2
suppose,30,verb,a2
boss,29,noun,a2
hit,28,verb,a2
dead,28,adj,a2
truck,24,noun,a2
whole,23,adj,a2
hurt,22,verb,a2
act,21,verb,a2
patient,20,adj,a2
matter,20,verb,a2
wish,18,verb,a2
steal,18,verb,a2
hole,17,verb,a2
serious,17,adj,a2
pick,16,verb,a2
anybody,16,noun,a2
lady,16,noun,a2
lucky,16,adj,a2
bar,15,verb,a2
deal,15,verb,a2
touch,15,verb,a2
mine,15,verb,a2
suit,15,verb,a2
couple,14,noun,a2
fight,14,verb,a2
crazy,14,adj,a2
offer,14,verb,a2
mention,14,verb,a2
scar,14,verb,a2
either,14,adj,a2
least,14,adj,a2
blow,13,verb,a2
throw,13,verb,a2
catch,13,verb,a2
top,13,verb,a2
alone,13,adj,a2
joke,13,verb,a2
crow,13,verb,a2
lawyer,13,noun,a2
death,12,noun,a2
shut,12,verb,a2
cry,12,verb,a2
pull,12,verb,a2
seat,12,verb,a2
smell,12,verb,a2
dream,12,verb,a2
fair,12,adj,a2
figure,11,verb,a2
ring,11,verb,a2
pass,11,verb,a2
government,11,noun,a2
attack,11,verb,a2
worse,11,adj,a2
side,11,verb,a2
case,11,noun,a2
record,11,verb,a2
sir,10,noun,a2
inside,10,adj,a2
heart,10,noun,a2
bite,10,verb,a2
score,10,verb,a2
power,10,verb,a2
safe,10,adj,a2
gun,10,noun,a2
rest,9,verb,a2
expect,9,verb,a2
gift,9,verb,a2
state,9,verb,a2
accept,9,verb,a2
golf,9,noun,a2
choice,9,adj,a2
divorce,9,verb,a2
invent,9,verb,a2
drug,9,noun,a2
chance,9,verb,a2
knock,9,verb,a2
beat,9,verb,a2
plate,9,noun,a2
burn,8,verb,a2
program,8,verb,a2
war,8,noun,a2
source,8,noun,a2
brain,8,noun,a2
prison,8,noun,a2
memory,8,noun,a2
alive,8,adj,a2
cause,8,verb,a2
blood,8,noun,a2
crime,8,noun,a2
save,8,verb,a2
trouble,8,verb,a2
relationship,7,noun,a2
anywhere,7,noun,a2
control,7,verb,a2
field,7,verb,a2
law,7,noun,a2
less,7,adj,a2
tower,7,verb,a2
sign,7,verb,a2
headache,7,noun,a2
invite,7,verb,a2
straight,7,adj,a2
female,7,adj,a2
stone,7,verb,a2
neck,7,noun,a2
somewhere,7,noun,a2
corner,7,verb,a2
drop,7,verb,a2
grind,7,verb,a2
stress,7,verb,a2
normal,7,adj,a2
complain,7,verb,a2
soccer,7,noun,a2
organize,6,verb,a2
taste,6,verb,a2
pain,6,noun,a2
involve,6,verb,a2
experience,6,verb,a2
option,6,noun,a2
serve,6,verb,a2
middle,6,adj,a2
pop,6,verb,a2
consider,6,verb,a2
cover,6,verb,a2
heavy,6,adj,a2
noise,6,noun,a2
realize,6,verb,a2
rock,6,verb,a2
finger,6,verb,a2
position,6,verb,a2
soldier,6,noun,a2
sweet,5,adj,a2
hide,5,verb,a2
stomach,5,noun,a2
secret,5,adj,a2
promise,5,verb,a2
nut,5,noun,a2
disappear,5,verb,a2
fit,5,verb,a2
public,5,adj,a2
lead,5,verb,a2
physical,5,adj,a2
single,5,verb,a2
king,5,noun,a2
allow,5,verb,a2
double,5,verb,a2
officer,5,noun,a2
danger,5,noun,a2
fee,5,noun,a2
progress,5,verb,a2
fix,5,verb,a2
route,5,verb,a2
pant,5,verb,a2
disease,5,noun,a2
push,5,verb,a2
jump,5,verb,a2
suggest,5,verb,a2
decision,5,noun,a2
cash,5,verb,a2
heat,5,verb,a2
leader,5,noun,a2
human,4,adj,a2
continue,4,verb,a2
service,4,verb,a2
medical,4,adj,a2
fresh,4,adj,a2
season,4,verb,a2
pocket,4,verb,a2
wet,4,adj,a2
arrangement,4,noun,a2
smile,4,verb,a2
protect,4,verb,a2
mark,4,verb,a2
store,4,verb,a2
earn,4,verb,a2
wheel,4,verb,a2
worst,4,adj,a2
gas,4,noun,a2
unhappy,4,adj,a2
lift,4,verb,a2
peace,4,noun,a2
possibility,4,noun,a2
base,4,verb,a2
personality,4,noun,a2
whose,4,adj,a2
support,4,verb,a2
certain,4,adj,a2
scene,4,noun,a2
roof,4,noun,a2
hold,4,verb,a2
focus,4,verb,a2
effect,4,verb,a2
notice,4,verb,a2
male,4,adj,a2
collect,4,verb,a2
track,4,verb,a2
professional,4,adj,a2
sense,4,verb,a2
dentist,4,noun,a2
department,4,noun,a2
speed,4,verb,a2
average,4,verb,a2
energy,4,noun,a2
bridge,4,verb,a2
fear,4,verb,a2
flu,3,noun,a2
conference,3,noun,a2
screen,3,verb,a2
boar,3,noun,a2
chef,3,noun,a2
furniture,3,noun,a2
character,3,noun,a2
empty,3,verb,a2
speech,3,noun,a2
affect,3,verb,a2
cross,3,verb,a2
colleague,3,noun,a2
surprise,3,verb,a2
drama,3,noun,a2
community,3,noun,a2
camp,3,verb,a2
refer,3,verb,a2
bone,3,noun,a2
gate,3,noun,a2
repair,3,verb,a2
president,3,noun,a2
condition,3,verb,a2
shake,3,verb,a2
criminal,3,adj,a2
simple,3,adj,a2
gold,3,adj,a2
manage,3,verb,a2
forward,3,verb,a2
hero,3,noun,a2
metal,3,noun,a2
circle,3,verb,a2
apply,3,verb,a2
award,3,verb,a2
raise,3,verb,a2
argue,3,verb,a2
businessman,3,noun,a2
knowledge,3,noun,a2
research,3,verb,a2
image,3,noun,a2
avoid,3,verb,a2
hill,3,noun,a2
search,3,verb,a2
strange,3,adj,a2
usual,3,adj,a2
manager,3,noun,a2
bowl,3,verb,a2
evidence,3,verb,a2
major,3,adj,a2
excellent,3,adj,a2
system,3,noun,a2
general,3,adj,a2
church,3,noun,a2
task,3,noun,a2
brilliant,3,adj,a2
manner,3,noun,a2
attention,3,noun,a2
degree,3,noun,a2
belt,3,verb,a2
bottom,3,noun,a2
ability,3,noun,a2
tie,3,verb,a2
available,3,adj,a2
purpose,3,noun,a2
recent,3,adj,a2
produce,3,verb,a2
lamp,3,noun,a2
able,2,adj,a2
depend,2,verb,a2
silver,2,adj,a2
lovely,2,adj,a2
wild,2,adj,a2
goal,2,noun,a2
expert,2,adj,a2
target,2,verb,a2
print,2,verb,a2
author,2,verb,a2
lemon,2,noun,a2
plastic,2,adj,a2
sort,2,verb,a2
electric,2,adj,a2
solve,2,verb,a2
illness,2,noun,a2
bin,2,noun,a2
society,2,noun,a2
original,2,adj,a2
accident,2,noun,a2
baseball,2,noun,a2
pack,2,verb,a2
detective,2,noun,a2
environment,2,noun,a2
tour,2,verb,a2
lecture,2,verb,a2
code,2,verb,a2
weight,2,noun,a2
temperature,2,noun,a2
lock,2,verb,a2
recognize,2,verb,a2
wave,2,verb,a2
knee,2,noun,a2
recommend,2,verb,a2
army,2,noun,a2
mail,2,verb,a2
vehicle,2,noun,a2
storm,2,verb,a2
oil,2,verb,a2
dry,2,verb,a2
awful,2,adj,a2
connect,2,verb,a2
receive,2,verb,a2
carpet,2,verb,a2
uniform,2,adj,a2
web,2,noun,a2
hall,2,noun,a2
destroy,2,verb,a2
cloud,2,verb,a2
scary,2,adj,a2
soft,2,adj,a2
specific,2,adj,a2
race,2,verb,a2
comment,2,verb,a2
lake,2,noun,a2
strategy,2,noun,a2
voice,2,verb,a2
unit,2,noun,a2
national,2,adj,a2
sock,2,noun,a2
guest,2,noun,a2
height,2,noun,a2
formal,2,adj,a2
extreme,2,adj,a2
earth,2,noun,a2
lifestyle,2,noun,a2
organization,2,noun,a2
communicate,2,verb,a2
develop,2,verb,a2
item,2,noun,a2
huge,2,adj,a2
increase,2,verb,a2
smoke,2,verb,a2
request,2,verb,a2
level,2,verb,a2
luck,2,noun,a2
refuse,2,verb,a2
education,2,noun,a2
nature,2,noun,a2
loud,2,adj,a2
tip,2,verb,a2
successful,2,adj,a2
jam,2,verb,a2
bean,2,noun,a2
fork,2,verb,a2
feature,2,verb,a2
lazy,2,adj,a2
separate,2,verb,a2
knife,2,noun,a2
term,2,verb,a2
zero,1,noun,a2
birth,1,noun,a2
wide,1,adj,a2
athlete,1,noun,a2
desert,1,verb,a2
penny,1,noun,a2
direction,1,noun,a2
column,1,noun,a2
stair,1,noun,a2
owner,1,noun,a2
fan,1,verb,a2
guide,1,verb,a2
shape,1,verb,a2
audience,1,noun,a2
count,1,verb,a2
celebrate,1,verb,a2
advertise,1,verb,a2
solution,1,noun,a2
nervous,1,adj,a2
soap,1,noun,a2
gallery,1,noun,a2
credit,1,verb,a2
behave,1,verb,a2
process,1,verb,a2
gap,1,noun,a2
fail,1,verb,a2
replace,1,verb,a2
chat,1,verb,a2
tool,1,noun,a2
reporter,1,noun,a2
valley,1,noun,a2
ski,1,verb,a2
view,1,verb,a2
musician,1,noun,a2
stage,1,verb,a2
provide,1,verb,a2
enter,1,verb,a2
math,1,noun,a2
several,1,adj,a2
forest,1,noun,a2
impossible,1,adj,a2
designer,1,adj,a2
opportunity,1,noun,a2
arrange,1,verb,a2
remove,1,verb,a2
response,1,noun,a2
salary,1,noun,a2
tradition,1,noun,a2
beef,1,noun,a2
woo,1,verb,a2
link,1,verb,a2
direct,1,verb,a2
amount,1,verb,a2
structure,1,verb,a2
social,1,adj,a2
pattern,1,verb,a2
ship,1,verb,a2
series,1,noun,a2
possession,1,noun,a2
charity,1,noun,a2
identify,1,verb,a2
argument,1,noun,a2
expression,1,noun,a2
role,1,noun,a2
comfortable,1,adj,a2
attend,1,verb,a2
novel,1,adj,a2
schedule,1,verb,a2
frog,1,noun,a2
director,1,noun,a2
spoon,1,verb,a2
likely,1,adj,a2
predict,1,verb,a2
benefit,1,verb,a2
distance,1,verb,a2
technology,1,noun,a2
profile,1,noun,a2
mirror,1,verb,a2
incredible,1,adj,a2
ankle,1,noun,a2
rise,1,verb,a2
injury,1,noun,a2
coast,1,noun,a2
review,1,verb,a2
careful,1,adj,a2
download,1,verb,a2
background,1,adj,a2
shout,1,verb,a2
borrow,1,verb,a2
medicine,1,noun,a2
advantage,1,noun,a2
factory,1,noun,a2
planet,1,noun,a2
factor,1,verb,a2
van,1,noun,a2
sky,1,noun,a2
engineer,1,verb,a2
exist,1,verb,a2
ideal,1,adj,a2
unusual,1,adj,a2
daily,1,adj,a2
reach,1,verb,a2
suggestion,1,noun,a2
low,1,adj,a2
climate,1,noun,a2
intelligent,1,adj,a2
digital,1,adj,a2
discussion,1,noun,a2
square,1,verb,a2
celebrity,1,noun,a2
hockey,1,noun,a2
electronic,1,adj,a2
shoulder,1,verb,a2
invitation,1,noun,a2
quality,1,adj,a2
queen,1,noun,a2
habit,1,noun,a2
know,514,verb,a1
say,306,verb,a1
want,288,verb,a1
right,278,verb,a1
see,227,verb,a1
think,227,verb,a1
tell,222,verb,a1
good,206,adj,a1
talk,189,verb,a1
let,170,verb,a1
look,156,verb,a1
take,152,verb,a1
make,147,verb,a1
give,126,verb,a1
thing,121,noun,a1
something,119,noun,a1
mean,119,verb,a1
call,117,verb,a1
time,111,verb,a1
mother,108,adj,a1
uncle,97,noun,a1
come,97,verb,a1
father,92,noun,a1
man,89,verb,a1
little,89,adj,a1
feel,85,verb,a1
friend,83,noun,a1
hear,80,verb,a1
people,78,noun,a1
nothing,78,noun,a1
need,77,verb,a1
maybe,76,noun,a1
dad,75,noun,a1
love,73,verb,a1
thank,72,verb,a1
home,68,adj,a1
new,66,adj,a1
two,66,adj,a1
work,65,verb,a1
anything,65,noun,a1
happen,65,verb,a1
house,64,verb,a1
day,64,adj,a1
leave,64,verb,a1
sorry,64,adj,a1
help,63,verb,a1
life,63,adj,a1
business,62,adj,a1
sure,60,adj,a1
last,59,verb,a1
car,59,noun,a1
son,57,noun,a1
please,57,verb,a1
fine,56,verb,a1
wrong,55,adj,a1
boy,54,noun,a1
better,53,verb,a1
eat,53,verb,a1
listen,53,verb,a1
nice,52,adj,a1
put,52,verb,a1
much,52,adj,a1
try,51,verb,a1
start,50,verb,a1
use,50,verb,a1
old,48,adj,a1
ask,48,verb,a1
year,48,noun,a1
place,47,verb,a1
still,46,adj,a1
keep,46,verb,a1
night,45,noun,a1
problem,44,noun,a1
play,43,verb,a1
name,43,verb,a1
lot,43,noun,a1
family,43,noun,a1
understand,42,verb,a1
remember,41,verb,a1
girl,41,noun,a1
hello,40,noun,a1
move,39,verb,a1
every,39,adj,a1
pay,38,verb,a1
stop,38,verb,a1
live,37,verb,a1
kind,37,adj,a1
today,36,noun,a1
big,36,adj,a1
another,35,adj,a1
wife,35,noun,a1
week,34,noun,a1
long,34,verb,a1
enough,33,adj,a1
doctor,33,noun,a1
wait,33,verb,a1
real,33,adj,a1
woman,32,noun,a1
open,32,verb,a1
school,31,verb,a1
break,31,verb,a1
bring,30,verb,a1
run,30,verb,a1
restaurant,30,noun,a1
head,29,verb,a1
question,29,verb,a1
nobody,29,noun,a1
beautiful,29,adj,a1
easy,29,adj,a1
everything,29,noun,a1
next,28,adj,a1
somebody,28,noun,a1
buy,28,verb,a1
baby,28,verb,a1
bad,28,adj,a1
face,28,verb,a1
daughter,27,noun,a1
ball,27,noun,a1
watch,27,verb,a1
door,27,noun,a1
stay,27,verb,a1
forget,27,verb,a1
game,27,adj,a1
lose,27,verb,a1
job,26,noun,a1
change,26,verb,a1
believe,26,verb,a1
hand,25,verb,a1
everybody,25,noun,a1
minute,25,adj,a1
sleep,25,verb,a1
phone,24,verb,a1
drive,24,verb,a1
great,23,adj,a1
three,23,adj,a1
first,23,adj,a1
dinner,23,noun,a1
different,23,adj,a1
point,22,verb,a1
music,22,noun,a1
nurse,22,verb,a1
word,22,noun,a1
many,22,noun,a1
later,21,adj,a1
send,21,verb,a1
eye,21,verb,a1
end,20,verb,a1
line,20,verb,a1
morning,20,noun,a1
sound,20,verb,a1
world,20,noun,a1
miss,20,verb,a1
lie,20,noun,a1
happy,19,adj,a1
die,19,verb,a1
coffee,19,noun,a1
sell,19,verb,a1
interest,19,verb,a1
show,19,verb,a1
room,19,noun,a1
test,19,verb,a1
hate,19,verb,a1
street,19,adj,a1
party,18,adj,a1
college,18,noun,a1
course,18,noun,a1
wear,18,verb,a1
mouth,18,verb,a1
hour,18,noun,a1
walk,17,verb,a1
black,17,adj,a1
brother,17,noun,a1
answer,17,verb,a1
best,17,adj,a1
finish,17,verb,a1
hat,16,noun,a1
piece,16,noun,a1
turn,16,verb,a1
part,16,verb,a1
idea,16,noun,a1
reason,16,verb,a1
outside,15,adj,a1
guess,15,verb,a1
husband,15,noun,a1
dog,15,verb,a1
news,15,noun,a1
fire,15,verb,a1
cousin,15,noun,a1
laugh,15,verb,a1
meet,15,verb,a1
drink,14,verb,a1
rule,14,verb,a1
dress,14,verb,a1
sick,14,adj,a1
late,14,adj,a1
close,14,verb,a1
hospital,14,noun,a1
tomorrow,14,noun,a1
pretty,14,adj,a1
visit,14,verb,a1
club,14,verb,a1
person,14,noun,a1
five,14,adj,a1
number,13,verb,a1
study,13,verb,a1
fly,13,verb,a1
hair,13,noun,a1
funny,13,adj,a1
TRUE,13,adj,a1
agree,13,verb,a1
movie,13,noun,a1
check,13,verb,a1
poor,13,adj,a1
stand,13,verb,a1
table,13,verb,a1
hope,13,verb,a1
book,13,verb,a1
discuss,13,verb,a1
spend,13,verb,a1
ear,12,noun,a1
sad,12,adj,a1
water,12,verb,a1
front,12,verb,a1
busy,12,verb,a1
high,12,adj,a1
learn,12,verb,a1
parent,12,noun,a1
bear,12,verb,a1
build,12,verb,a1
sister,12,noun,a1
read,12,verb,a1
picture,12,verb,a1
anyone,11,noun,a1
cool,11,verb,a1
town,11,noun,a1
food,11,noun,a1
tonight,11,noun,a1
paper,11,noun,a1
company,11,noun,a1
lunch,11,verb,a1
story,11,noun,a1
month,11,noun,a1
teacher,11,noun,a1
free,10,verb,a1
box,10,verb,a1
glass,10,adj,a1
full,10,adj,a1
second,10,adj,a1
song,10,noun,a1
fun,10,adj,a1
become,10,verb,a1
clean,10,verb,a1
child,10,noun,a1
bill,10,verb,a1
cloth,10,verb,a1
six,10,adj,a1
tree,10,noun,a1
follow,10,verb,a1
message,10,noun,a1
trip,10,verb,a1
bird,10,noun,a1
four,10,adj,a1
park,10,verb,a1
situation,10,noun,a1
pool,9,verb,a1
important,9,adj,a1
white,9,adj,a1
aunt,9,noun,a1
special,9,adj,a1
ticket,9,noun,a1
half,9,adj,a1
wonderful,9,adj,a1
strong,9,adj,a1
win,9,verb,a1
cook,9,verb,a1
office,9,noun,a1
write,9,verb,a1
body,9,noun,a1
art,9,noun,a1
sit,9,verb,a1
young,9,adj,a1
ride,9,verb,a1
birthday,9,noun,a1
shop,9,verb,a1
date,9,verb,a1
shoe,8,noun,a1
player,8,noun,a1
speak,8,verb,a1
history,8,noun,a1
dark,8,adj,a1
form,8,verb,a1
wine,8,noun,a1
air,8,noun,a1
share,8,verb,a1
horse,8,noun,a1
personal,8,adj,a1
downstairs,8,noun,a1
early,8,adj,a1
wall,8,verb,a1
opinion,8,noun,a1
age,8,verb,a1
student,8,noun,a1
marry,7,verb,a1
terrible,7,adj,a1
police,7,verb,a1
light,7,verb,a1
market,7,verb,a1
plan,7,verb,a1
teach,7,verb,a1
window,7,noun,a1
return,7,verb,a1
floor,7,verb,a1
explain,7,verb,a1
yesterday,7,noun,a1
far,7,adj,a1
fat,7,adj,a1
possible,7,adj,a1
afraid,7,adj,a1
find,7,verb,a1
relax,7,verb,a1
team,7,verb,a1
leg,6,noun,a1
kitchen,6,adj,a1
order,6,verb,a1
activity,6,noun,a1
tire,6,verb,a1
create,6,verb,a1
computer,6,adj,a1
north,6,adj,a1
hotel,6,noun,a1
ready,6,adj,a1
future,6,adj,a1
member,6,noun,a1
sunday,6,noun,a1
island,6,noun,a1
nine,6,adj,a1
paint,6,verb,a1
rain,6,verb,a1
million,6,noun,a1
green,6,adj,a1
dance,6,verb,a1
breakfast,6,verb,a1
chair,6,verb,a1
type,6,verb,a1
salad,6,noun,a1
pepper,6,verb,a1
red,6,adj,a1
fall,6,verb,a1
moment,6,noun,a1
vacation,5,noun,a1
difference,5,noun,a1
homework,5,noun,a1
chicken,5,adj,a1
large,5,adj,a1
upstairs,5,adj,a1
bathroom,5,noun,a1
city,5,noun,a1
enjoy,5,verb,a1
class,5,noun,a1
girlfriend,5,noun,a1
conversation,5,noun,a1
dollar,5,noun,a1
science,5,noun,a1
country,5,noun,a1
detail,5,verb,a1
boat,5,noun,a1
goodbye,5,noun,a1
grandmother,5,noun,a1
join,5,verb,a1
machine,5,noun,a1
bore,5,verb,a1
football,5,noun,a1
sentence,5,verb,a1
amaze,5,verb,a1
road,5,noun,a1
sport,4,verb,a1
positive,4,adj,a1
ban,4,verb,a1
evening,4,adj,a1
wake,4,verb,a1
model,4,verb,a1
hungry,4,adj,a1
list,4,verb,a1
travel,4,verb,a1
juice,4,noun,a1
mistake,4,verb,a1
nose,4,verb,a1
radio,4,noun,a1
negative,4,adj,a1
cheese,4,noun,a1
fact,4,noun,a1
cost,4,verb,a1
partner,4,verb,a1
bottle,4,verb,a1
sea,4,adj,a1
healthy,4,adj,a1
welcome,4,verb,a1
result,4,verb,a1
carry,4,verb,a1
egg,4,noun,a1
bread,4,noun,a1
subject,4,verb,a1
practice,4,verb,a1
decide,4,verb,a1
beer,4,noun,a1
meat,4,noun,a1
everyone,4,noun,a1
page,4,verb,a1
bank,4,verb,a1
ten,3,adj,a1
culture,3,noun,a1
wash,3,verb,a1
key,3,adj,a1
price,3,verb,a1
angry,3,adj,a1
fish,3,verb,a1
add,3,verb,a1
information,3,noun,a1
fast,3,adj,a1
sandwich,3,verb,a1
spring,3,verb,a1
example,3,noun,a1
toilet,3,noun,a1
afternoon,3,adj,a1
address,3,verb,a1
difficult,3,adj,a1
blue,3,adj,a1
dish,3,noun,a1
sun,3,noun,a1
boot,3,verb,a1
warm,3,verb,a1
guitar,3,noun,a1
dear,3,adj,a1
excite,3,verb,a1
pair,3,verb,a1
expensive,3,adj,a1
lesson,3,noun,a1
small,3,adj,a1
hundred,3,noun,a1
gym,3,noun,a1
sing,3,verb,a1
hot,3,adj,a1
skill,3,noun,a1
action,3,noun,a1
grow,3,verb,a1
bag,3,verb,a1
grandfather,3,noun,a1
mountain,3,adj,a1
slow,3,verb,a1
bath,3,verb,a1
tea,3,noun,a1
perfect,3,verb,a1
traffic,3,noun,a1
quick,3,adj,a1
prefer,3,verb,a1
rich,2,adj,a1
weekend,2,noun,a1
seven,2,adj,a1
improve,2,verb,a1
adult,2,adj,a1
famous,2,adj,a1
cup,2,verb,a1
waiter,2,noun,a1
title,2,verb,a1
health,2,noun,a1
driver,2,noun,a1
match,2,verb,a1
near,2,verb,a1
tall,2,adj,a1
dirty,2,adj,a1
text,2,noun,a1
fantastic,2,adj,a1
diet,2,noun,a1
exam,2,noun,a1
singer,2,noun,a1
compare,2,verb,a1
beach,2,verb,a1
complete,2,verb,a1
prepare,2,verb,a1
imagine,2,verb,a1
apartment,2,noun,a1
cent,2,noun,a1
rice,2,noun,a1
butter,2,verb,a1
piano,2,noun,a1
bike,2,noun,a1
clock,2,verb,a1
sheep,2,noun,a1
eight,2,adj,a1
common,2,adj,a1
foot,2,noun,a1
telephone,2,verb,a1
skirt,2,verb,a1
potato,2,noun,a1
style,2,verb,a1
animal,2,adj,a1
description,2,noun,a1
friendly,2,adj,a1
final,2,adj,a1
thirsty,2,adj,a1
statement,2,noun,a1
short,2,adj,a1
cow,2,noun,a1
pound,2,verb,a1
bus,2,verb,a1
salt,2,verb,a1
bedroom,2,noun,a1
cold,2,adj,a1
shirt,2,noun,a1
jacket,2,noun,a1
teenager,2,noun,a1
space,2,verb,a1
fifth,2,adj,a1
century,2,noun,a1
dialogue,2,noun,a1
cream,2,noun,a1
meal,2,noun,a1
draw,2,verb,a1
elephant,2,noun,a1
pencil,2,verb,a1
area,2,noun,a1
pen,2,noun,a1
worker,2,noun,a1
arm,2,verb,a1
film,2,verb,a1
orange,2,adj,a1
pink,2,adj,a1
shower,2,verb,a1
success,2,noun,a1
artist,1,noun,a1
section,1,noun,a1
choose,1,verb,a1
note,1,verb,a1
report,1,verb,a1
university,1,noun,a1
river,1,noun,a1
popular,1,adj,a1
ice,1,verb,a1
include,1,verb,a1
begin,1,verb,a1
visitor,1,noun,a1
exercise,1,verb,a1
airport,1,noun,a1
umbrella,1,noun,a1
cheap,1,adj,a1
concert,1,verb,a1
newspaper,1,noun,a1
language,1,noun,a1
apple,1,noun,a1
camera,1,noun,a1
internet,1,noun,a1
thousand,1,noun,a1
present,1,verb,a1
opposite,1,adj,a1
south,1,adj,a1
event,1,noun,a1
plane,1,adj,a1
period,1,adj,a1
career,1,noun,a1
extra,1,adj,a1
cat,1,noun,a1
menu,1,noun,a1
spell,1,verb,a1
tomato,1,noun,a1
station,1,verb,a1
quarter,1,verb,a1
useful,1,adj,a1
holiday,1,adj,a1
project,1,verb,a1
policeman,1,noun,a1
flower,1,verb,a1
plant,1,verb,a1
third,1,adj,a1
star,1,noun,a1
climb,1,verb,a1
sweater,1,noun,a1
banana,1,noun,a1
cinema,1,noun,a1
farm,1,verb,a1
routine,1,adj,a1
local,1,adj,a1
design,1,verb,a1
fill,1,verb,a1
garden,1,noun,a1
east,1,adj,a1
video,1,noun,a1
letter,1,noun,a1
advice,1,noun,a1
weather,1,verb,a1
jeans,1,noun,a1
interview,1,verb,a1
swim,1,verb,a1
similar,1,adj,a1
summer,1,noun,a1
west,1,adj,a1
writer,1,noun,a1
flight,1,noun,a1
television,1,noun,a1
repeat,1,verb,a1
dangerous,1,adj,a1
group,1,verb,a1
correct,1,verb,a1
flat,1,adj,a1
capital,1,noun,a1
describe,1,verb,a1
boyfriend,1,noun,a1
customer,1,noun,a1
cafe,1,noun,a1
midnight,1,noun,a1
